_id,מספר תלונה,ערוץ קבלה,תאריך בקשה ראשונית ל מידע,נושא  התלונה,תאריך קבלת תלונה,שם הנילון,תאריך הסגירה,תיאור החלטה
1,2/19,טופס מקוון,2018-11-26T00:00:00,חוסר בהנמקה,2019-01-03T00:00:00,משרד העבודה הרווחה והשירותים החברתיים,2019-03-21T12:15:12,מוצדק
2,4/19,טופס מקוון,2018-11-27T00:00:00,אי מתן מענה,2019-01-13T00:00:00,הנהלת בתי הדין הרבניים,2019-02-17T09:04:41,בלתי מוצדק
3,5/19,טופס מקוון,2018-08-09T00:00:00,אי מתן מענה,2019-01-16T00:00:00,משרד ראש הממשלה,2019-03-24T18:04:32,מוצדק
4,6/19,טופס מקוון,2018-03-03T00:00:00,אי מתן מענה,2019-01-17T00:00:00,משרד האוצר,2019-03-11T11:22:06,מוצדק
5,8/19,"דוא""ל",2018-11-18T00:00:00,אי מתן מענה,2019-01-27T13:25:00,משרד האוצר,2019-06-17T14:27:44,מוצדק
6,10/19,טופס מקוון,2018-10-10T00:00:00,אי מתן מענה,2019-01-29T00:00:00,משרד ראש הממשלה,2019-04-11T09:09:14,מוצדק
7,11/19,טופס מקוון,2018-12-18T00:00:00,אי מתן מענה,2019-01-29T00:00:00,משרד הבריאות,2019-04-15T13:43:14,מוצדק
8,12/19,טופס מקוון,2019-01-30T00:00:00,אי מתן מענה,2019-01-30T00:00:00,משרד התחבורה והבטיחות בדרכים,2019-03-11T12:00:59,בלתי מוצדק
9,19/19,פקס,2018-09-13T00:00:00,אי מתן מענה,2019-02-03T16:26:00,רשות המסים בישראל,2019-03-07T11:24:45,מוצדק
10,20/19,טופס מקוון,2019-01-14T00:00:00,אי מתן מענה,2019-02-04T00:00:00,רשות האכיפה והגבייה,2019-03-05T13:19:25,בלתי מוצדק
11,22/19,"דוא""ל",2018-08-28T00:00:00,אי מתן מענה,2019-02-11T11:42:00,משרד העבודה הרווחה והשירותים החברתיים,2019-03-11T13:21:43,מוצדק
12,23/19,טופס מקוון,2018-12-06T00:00:00,אי מתן מענה,2019-02-14T00:00:00,משרד החקלאות ופיתוח הכפר,2019-06-03T08:30:49,מוצדק
13,24/19,טופס מקוון,2019-02-14T00:00:00,אי מתן מענה,2019-02-14T00:00:00,משרד האוצר,2019-03-04T08:20:38,בלתי מוצדק
14,25/19,טופס מקוון,2018-12-11T00:00:00,אי מתן מענה,2019-02-19T00:00:00,משרד החקלאות ופיתוח הכפר,2019-06-17T08:13:45,מוצדק
15,26/19,טופס מקוון,2018-12-10T00:00:00,אי מתן מענה,2019-02-20T00:00:00,משרד העבודה הרווחה והשירותים החברתיים,2019-03-11T13:57:29,מוצדק
16,28/19,טופס מקוון,2019-01-20T00:00:00,אי מתן מענה,2019-02-25T00:00:00,משרד האוצר,2019-03-11T14:06:27,מוצדק
17,30/19,"דוא""ל",2018-07-26T00:00:00,אי מתן מענה,2019-02-26T09:42:00,המשרד לביטחון פנים,2019-04-16T10:17:14,מוצדק
18,33/19,טופס מקוון,2019-02-27T00:00:00,הנחיות מנהליות,2019-02-27T00:00:00,הנהלת בתי המשפט,2019-05-12T13:06:27,מוצדק
19,32/19,טופס מקוון,2018-11-05T00:00:00,אי מתן מענה,2019-02-27T00:00:00,משרד החינוך,2019-06-19T09:48:38,מוצדק
20,34/19,טופס מקוון,2019-01-22T00:00:00,אי מתן מענה,2019-03-04T00:00:00,רשות המסים בישראל,2019-06-02T09:00:31,מוצדק
21,35/19,טופס מקוון,2019-02-06T00:00:00,אי מתן מענה,2019-03-07T00:00:00,משרד הבריאות,2019-05-20T12:18:15,בלתי מוצדק
22,37/19,טופס מקוון,2018-01-07T00:00:00,אי מתן מענה,2019-03-17T00:00:00,משרד הביטחון,2019-09-04T15:03:38,מוצדק
23,36/19,טופס מקוון,2017-08-10T00:00:00,אי מתן מענה,2019-03-17T00:00:00,משרד הביטחון,2019-05-16T12:05:08,בלתי מוצדק
24,40/19,טופס מקוון,2019-01-01T00:00:00,אי מתן מענה,2019-03-19T00:00:00,משרד הבריאות,2019-07-31T09:16:23,מוצדק
25,41/19,טופס מקוון,2019-02-06T00:00:00,אי מתן מענה,2019-03-20T00:00:00,עיריית טבריה,2019-03-28T09:39:43,מוצדק
26,44/19,טופס מקוון,2019-02-20T00:00:00,אי מתן מענה,2019-03-28T00:00:00,רשות מקרקעי ישראל,2019-05-29T10:37:25,בלתי מוצדק
27,46/19,טופס מקוון,2018-05-03T00:00:00,אי מתן מענה,2019-03-31T00:00:00,משרד התחבורה והבטיחות בדרכים,2019-08-12T11:47:25,מוצדק
28,48/19,טופס מקוון,2018-09-02T00:00:00,אי מתן מענה,2019-03-31T00:00:00,משרד התחבורה והבטיחות בדרכים,2019-07-04T08:24:35,מוצדק
29,50/19,טופס מקוון,2019-01-31T00:00:00,אי מתן מענה,2019-03-31T00:00:00,משרד התחבורה והבטיחות בדרכים,2019-07-21T11:09:26,מוצדק
30,47/19,טופס מקוון,2018-09-02T00:00:00,אי מתן מענה,2019-03-31T00:00:00,משרד התחבורה והבטיחות בדרכים,2019-04-04T14:09:25,הטיפול הופסק
31,49/19,טופס מקוון,2019-01-13T00:00:00,אי מתן מענה,2019-03-31T00:00:00,משרד התחבורה והבטיחות בדרכים,2019-04-04T14:13:00,הטיפול הופסק
32,45/19,טופס מקוון,2019-02-03T00:00:00,אי מתן מענה,2019-03-31T00:00:00,רשות המים והביוב,2019-12-02T15:28:26,בלתי מוצדק
33,54/19,טופס מקוון,2018-12-31T00:00:00,אי מתן מענה,2019-04-03T00:00:00,משרד החינוך,2019-08-12T11:22:15,מוצדק
34,53/19,טופס מקוון,2018-12-27T00:00:00,אי מתן מענה,2019-04-03T00:00:00,משרד החינוך,2019-08-13T07:56:13,מוצדק
35,58/19,"דוא""ל",2019-02-11T00:00:00,,2019-04-11T11:47:00,משרד הבריאות,2019-07-09T10:23:10,מוצדק
36,59/19,"דוא""ל",2019-01-15T00:00:00,,2019-04-11T13:05:00,משרד העבודה הרווחה והשירותים החברתיים,2019-10-23T12:12:36,מוצדק
37,61/19,טופס מקוון,2019-01-28T00:00:00,אי מתן מענה,2019-04-14T00:00:00,משרד הבריאות,2019-07-18T10:38:53,מוצדק
38,63/19,טופס מקוון,2019-01-27T00:00:00,אי מתן מענה,2019-04-15T00:00:00,משרד החינוך,2019-08-13T09:53:26,מוצדק
39,62/19,טופס מקוון,2018-04-16T00:00:00,אי מתן מענה,2019-04-15T00:00:00,רשות האוכלוסין וההגירה,2019-06-23T09:15:25,מוצדק
40,64/19,"דוא""ל",2019-01-20T00:00:00,אי מתן מענה,2019-04-18T15:08:00,משרד הבריאות,2019-06-18T11:31:41,מוצדק
41,65/19,טופס מקוון,2019-01-21T00:00:00,אי מתן מענה,2019-04-26T00:00:00,משרד ראש הממשלה,2019-07-31T09:49:16,מוצדק
42,66/19,טופס מקוון,2018-12-26T00:00:00,אי מתן מענה,2019-05-01T00:00:00,משרד החקלאות ופיתוח הכפר,2019-06-18T09:50:29,מוצדק
43,69/19,טופס מקוון,2019-02-23T00:00:00,,2019-05-09T00:00:00,משרד החינוך,2019-09-05T09:00:49,מוצדק
44,68/19,טופס מקוון,2019-03-22T00:00:00,אי מתן מענה,2019-05-09T00:00:00,משרד התחבורה והבטיחות בדרכים,2019-05-29T14:25:52,בלתי מוצדק
45,70/19,"דוא""ל",2018-12-25T00:00:00,אי מתן מענה,2019-05-12T09:37:00,משרד העבודה הרווחה והשירותים החברתיים,2019-07-11T14:59:01,מוצדק
46,72/19,טופס מקוון,2019-01-24T00:00:00,אי מתן מענה,2019-05-14T00:00:00,משרד העבודה הרווחה והשירותים החברתיים,2019-07-17T08:46:57,מוצדק
47,74/19,טופס מקוון,2019-03-31T00:00:00,אי מתן מענה,2019-05-16T00:00:00,משרד הבריאות,2019-09-19T10:26:24,מוצדק
48,78/19,טופס מקוון,2019-03-07T00:00:00,אי מתן מענה,2019-05-20T00:00:00,המשרד לביטחון פנים,2019-09-12T14:08:39,מוצדק
49,77/19,טופס מקוון,2019-03-12T00:00:00,אי מתן מענה,2019-05-20T00:00:00,המשרד לביטחון הפנים,2019-11-11T08:25:52,מוצדק
50,81/19,טופס מקוון,2019-02-05T00:00:00,אי מתן מענה,2019-05-22T00:00:00,משרד הבריאות,2019-07-11T15:33:06,מוצדק
51,80/19,טופס מקוון,2019-04-12T00:00:00,אי מתן מענה,2019-05-22T00:00:00,הנהלת בתי המשפט,2019-10-22T12:38:51,בלתי מוצדק
52,84/19,"דוא""ל",2018-12-30T00:00:00,מידע סביבתי,2019-05-23T15:00:00,המשרד להגנת הסביבה,2019-08-15T17:52:07,מוצדק
53,86/19,טופס מקוון,2019-02-05T00:00:00,אי מתן מענה,2019-05-26T00:00:00,משרד הבריאות,2019-07-15T09:11:49,מוצדק
54,88/19,"דוא""ל",2018-12-23T00:00:00,אי מתן מענה,2019-05-28T11:23:00,משרד ראש הממשלה,2020-01-01T11:08:52,מוצדק
55,89/19,טופס מקוון,2019-02-03T00:00:00,אי מתן מענה,2019-05-29T00:00:00,רשות המים והביוב,2019-08-29T13:16:41,הטיפול הופסק
56,91/19,טופס מקוון,2019-03-20T00:00:00,אי מתן מענה,2019-06-04T00:00:00,משרד הבריאות,2019-10-06T14:56:53,הטיפול הופסק
57,93/19,"דוא""ל",2019-05-23T00:00:00,הנחיות מנהליות,2019-06-10T14:28:00,משרד המשפטים,2019-12-01T14:58:45,בלתי מוצדק
58,94/19,"דוא""ל",2019-05-16T00:00:00,אי מתן מענה,2019-06-10T15:08:00,האפוטרופוס הכללי והכונס הרשמי,2019-07-18T12:20:14,בלתי מוצדק
59,96/19,טופס מקוון,2018-12-27T00:00:00,אי מתן מענה,2019-06-12T00:00:00,משרד הבריאות,2019-10-22T13:01:45,מוצדק
60,95/19,"דוא""ל",2019-03-20T00:00:00,,2019-06-12T11:46:00,משרד העבודה הרווחה והשירותים החברתיים,2019-07-23T08:16:02,מוצדק
61,98/19,טופס מקוון,2019-01-22T00:00:00,אי מתן מענה,2019-06-13T00:00:00,"צה""ל",2019-08-12T11:30:07,מוצדק
62,99/19,טופס מקוון,2019-01-22T00:00:00,אי מתן מענה,2019-06-13T00:00:00,צבא הגנה לישראל,2019-08-12T11:40:25,מוצדק
63,97/19,טופס מקוון,2018-08-06T00:00:00,אי מתן מענה,2019-06-13T00:00:00,משרד החקלאות ופיתוח הכפר,2019-07-07T10:53:08,מוצדק
64,100/19,טופס מקוון,2019-01-22T00:00:00,אי מתן מענה,2019-06-13T00:00:00,צבא הגנה לישראל,2019-07-09T09:36:40,מוצדק
65,101/19,"דוא""ל",2019-03-19T00:00:00,אי מתן מענה,2019-06-16T10:23:00,משרד הבריאות,2019-07-31T08:17:37,מוצדק
66,102/19,"דוא""ל",2018-11-19T00:00:00,אי מתן מענה,2019-06-16T14:49:00,משרד החינוך,2019-10-23T11:59:14,מוצדק
67,104/19,טופס מקוון,2019-03-20T00:00:00,אי מתן מענה,2019-06-19T00:00:00,משרד הבריאות,2019-10-22T11:08:26,מוצדק
68,103/19,"דוא""ל",2018-02-28T00:00:00,,2019-06-19T10:03:00,משטרת ישראל,2019-06-27T10:53:07,בלתי מוצדק
69,107/19,טופס מקוון,2019-01-07T00:00:00,אי מתן מענה,2019-06-22T00:00:00,משרד הביטחון,2019-07-08T16:27:21,מוצדק
70,108/19,טופס מקוון,2019-05-19T00:00:00,אי מתן מענה,2019-06-24T00:00:00,משרד הבריאות,2019-07-31T08:30:08,מוצדק
71,109/19,"דוא""ל",2019-02-11T00:00:00,,2019-06-24T15:45:00,המשרד להגנת הסביבה,2019-08-13T09:44:35,מוצדק
72,110/19,"דוא""ל",2019-04-17T00:00:00,אי מתן מענה,2019-06-25T13:43:00,צבא הגנה לישראל,2019-08-12T10:43:17,בלתי מוצדק
73,111/19,"דוא""ל",2019-04-24T00:00:00,,2019-06-27T08:34:00,משרד הבריאות,2019-11-07T12:19:59,מוצדק
74,112/19,טופס מקוון,2019-04-14T00:00:00,אי מתן מענה,2019-07-01T00:00:00,משרד הבריאות,2019-07-17T08:40:19,מוצדק
75,115/19,טופס מקוון,2019-04-16T00:00:00,אי מתן מענה,2019-07-02T00:00:00,המשרד להגנת הסביבה,2019-07-11T15:51:49,מוצדק
76,116/19,טופס מקוון,2019-05-22T00:00:00,אי מתן מענה,2019-07-04T00:00:00,רשות האוכלוסין וההגירה,2019-07-29T15:26:13,מוצדק
77,118/19,טופס מקוון,2018-02-26T00:00:00,אי מתן מענה,2019-07-09T00:00:00,משרד החקלאות ופיתוח הכפר,2019-07-29T15:29:19,מוצדק
78,119/19,טופס מקוון,2019-05-22T00:00:00,אי מתן מענה,2019-07-09T00:00:00,משרד החקלאות ופיתוח הכפר,2019-11-06T09:07:22,מוצדק
79,121/19,"דוא""ל",2019-03-21T00:00:00,,2019-07-14T15:56:00,רשות האכיפה והגבייה,2019-07-24T08:32:33,בלתי מוצדק
80,123/19,"דוא""ל",2019-03-13T00:00:00,אי מתן מענה,2019-07-16T16:24:00,"צה""ל",2019-09-05T09:17:33,מוצדק
81,124/19,"דוא""ל",2019-07-04T00:00:00,דין וחשבון שנתי,2019-07-18T14:23:00,המשרד לביטחון הפנים,2019-12-25T11:02:47,מוצדק
82,131/19,טופס מקוון,2018-12-09T00:00:00,אי מתן מענה,2019-07-21T00:00:00,משרד העלייה והקליטה,2019-09-05T11:09:11,בלתי מוצדק
83,125/19,"דוא""ל",2019-07-04T00:00:00,דין וחשבון שנתי,2019-07-21T09:09:00,רשות המים והביוב,2019-12-25T11:07:41,מוצדק
84,126/19,"דוא""ל",2019-07-04T00:00:00,דין וחשבון שנתי,2019-07-21T09:41:00,המשרד לנושאים אסטרטגיים והסברה,2019-09-12T14:33:58,מוצדק
85,127/19,"דוא""ל",2019-07-04T00:00:00,,2019-07-21T10:04:00,המשרד לשוויון חברתי,2019-11-06T12:48:42,מוצדק
86,129/19,"דוא""ל",2019-07-04T00:00:00,דין וחשבון שנתי,2019-07-21T10:20:00,משרד ראש הממשלה,2020-01-01T10:01:16,מוצדק
87,128/19,"דוא""ל",2019-07-04T00:00:00,,2019-07-21T10:20:00,הנהלת בתי הדין הרבניים,2019-09-15T11:26:13,בלתי מוצדק
88,130/19,"דוא""ל",2018-03-27T00:00:00,אי מתן מענה,2019-07-21T11:47:00,משרד ראש הממשלה,2020-01-09T11:24:45,מוצדק
89,132/19,טופס מקוון,2018-07-29T00:00:00,אי מתן מענה,2019-07-23T00:00:00,משרד הביטחון,2019-10-23T12:17:40,מוצדק
90,133/19,טופס מקוון,2018-12-04T00:00:00,אי מתן מענה,2019-07-23T00:00:00,המשרד לביטחון הפנים,2020-01-08T11:49:51,מוצדק
91,134/19,טופס מקוון,2019-04-11T00:00:00,אי מתן מענה,2019-07-24T00:00:00,רשות החברות הממשלתיות,2019-09-16T08:43:09,מוצדק
92,136/19,טופס מקוון,2019-07-21T00:00:00,אי מתן מענה,2019-07-28T00:00:00,משרד הפנים,2019-09-11T10:42:38,מוצדק
93,137/19,טופס מקוון,2019-05-16T00:00:00,אי מתן מענה,2019-07-30T00:00:00,האפוטרופוס הכללי והכונס הרשמי,2019-09-16T09:14:43,מוצדק
94,138/19,טופס מקוון,2019-04-01T00:00:00,אי מתן מענה,2019-08-06T00:00:00,משרד המשפטים,2019-09-18T15:35:44,בלתי מוצדק
95,150/19,"דוא""ל",2019-05-02T00:00:00,אי מתן מענה,2019-08-09T00:00:00,משרד הבריאות,2019-11-03T09:31:16,מוצדק
96,139/19,"דוא""ל",2019-05-18T00:00:00,אי מתן מענה,2019-08-15T00:00:00,משרד האוצר,2019-09-22T12:34:14,מוצדק
97,140/19,"דוא""ל",2019-06-23T00:00:00,אי מתן מענה,2019-08-18T14:04:00,רשות האכיפה והגבייה,2019-09-05T11:48:12,בלתי מוצדק
98,141/19,טופס מקוון,2019-06-16T00:00:00,אי מתן מענה,2019-08-20T00:00:00,"צה""ל",2019-11-18T08:02:49,מוצדק
99,143/19,טופס מקוון,2019-07-15T00:00:00,אי מתן מענה,2019-08-25T00:00:00,מנהל אזרחי אזור יהודה ושומרון,2019-11-12T07:51:05,מוצדק
100,151/19,"דוא""ל",2019-06-22T00:00:00,אי מתן מענה,2019-08-25T00:00:00,משטרת ישראל,2019-11-17T13:25:34,מוצדק
101,142/19,טופס מקוון,2019-06-23T00:00:00,אי מתן מענה,2019-08-25T00:00:00,הנהלת בתי המשפט,2019-10-29T11:20:01,בלתי מוצדק
102,144/19,טופס מקוון,2019-07-23T00:00:00,אי מתן מענה,2019-08-26T00:00:00,משרד החינוך,2019-10-06T13:11:11,בלתי מוצדק
103,145/19,"דוא""ל",2019-04-07T00:00:00,חוסר בהנמקה,2019-08-26T09:45:00,משרד החינוך,2019-10-29T11:31:00,מוצדק
104,146/19,טופס מקוון,2019-05-22T00:00:00,אי מתן מענה,2019-08-27T00:00:00,רשות האוכלוסין וההגירה,2019-09-18T16:02:35,מוצדק
105,147/19,טופס מקוון,2019-05-28T00:00:00,אי מתן מענה,2019-08-27T00:00:00,רשות האוכלוסין וההגירה,2019-10-10T08:48:05,מוצדק
106,148/19,"דוא""ל",2019-06-10T00:00:00,אי מתן מענה,2019-08-28T12:16:00,משרד התחבורה והבטיחות בדרכים,2019-11-12T11:20:56,מוצדק
107,164/19,"דוא""ל",2019-06-17T00:00:00,חוסר בהנמקה,2019-09-01T00:00:00,משטרת ישראל,2019-11-14T08:22:00,מוצדק
108,149/19,טופס מקוון,2019-08-01T00:00:00,אי מתן מענה,2019-09-01T00:00:00,משרד המשפטים,2019-09-19T08:18:43,בלתי מוצדק
109,153/19,טופס מקוון,2019-07-28T00:00:00,אי מתן מענה,2019-09-02T00:00:00,רשות האוכלוסין וההגירה,2019-11-19T11:15:58,מוצדק חלקית
110,154/19,טופס מקוון,2019-07-28T00:00:00,אי מתן מענה,2019-09-02T00:00:00,רשות האוכלוסין וההגירה,2019-09-22T13:42:00,מוצדק
111,155/19,טופס מקוון,2019-07-28T00:00:00,אי מתן מענה,2019-09-02T00:00:00,רשות האוכלוסין וההגירה,2019-11-12T08:08:12,מוצדק
112,156/19,טלפון,,,2019-09-03T15:27:00,רשות התחרות,2019-09-03T15:36:53,בלתי מוצדק
113,158/19,טופס מקוון,2019-07-18T00:00:00,אי מתן מענה,2019-09-04T00:00:00,משטרת ישראל,2019-11-05T08:12:02,מוצדק
114,157/19,טופס מקוון,2019-07-21T00:00:00,אי מתן מענה,2019-09-04T00:00:00,"צה""ל",2019-09-15T13:17:47,בלתי מוצדק
115,160/19,טופס מקוון,2018-11-07T00:00:00,אי מתן מענה,2019-09-05T00:00:00,מנהל אזרחי אזור יהודה ושומרון,2020-01-01T11:12:58,מוצדק
116,159/19,"דוא""ל",2019-07-05T03:00:00,אי מתן מענה,2019-09-05T13:28:00,צבא הגנה לישראל,2020-01-01T10:53:12,מוצדק
117,161/19,טופס מקוון,2019-07-30T00:00:00,אי מתן מענה,2019-09-08T00:00:00,משרד החינוך,2019-12-25T08:49:40,מוצדק
118,163/19,טופס מקוון,2019-05-30T00:00:00,אי מתן מענה,2019-09-09T00:00:00,משרד המשפטים,2019-10-22T12:49:21,מוצדק
119,165/19,טופס מקוון,2019-08-11T00:00:00,אי מתן מענה,2019-09-09T00:00:00,המשרד להגנת הסביבה,2020-01-12T11:10:24,מוצדק
120,166/19,טופס מקוון,2019-03-06T00:00:00,אי מתן מענה,2019-09-10T00:00:00,הרשות להסדרת התיישבות הבדואים בנגב,2019-11-05T08:27:28,מוצדק
121,170/19,טופס מקוון,2019-06-18T00:00:00,אי מתן מענה,2019-09-11T00:00:00,הנהלת בתי הדין הרבניים,2019-10-10T14:08:19,מוצדק
122,167/19,טופס מקוון,2019-06-10T00:00:00,אי מתן מענה,2019-09-11T00:00:00,משרד הביטחון,2019-10-23T10:41:23,מוצדק
123,169/19,טופס מקוון,,דין וחשבון שנתי,2019-09-11T00:00:00,"רשות שוק ההון, הביטוח והחיסכון",2019-10-30T09:54:35,מוצדק
124,168/19,טופס מקוון,2019-06-12T00:00:00,אי מתן מענה,2019-09-11T00:00:00,הרשות להסדרת התיישבות הבדואים בנגב,2019-11-05T08:31:10,מוצדק
125,171/19,טופס מקוון,2019-06-30T00:00:00,אי מתן מענה,2019-09-16T00:00:00,הרבנות הראשית לישראל,2019-10-23T10:45:47,בלתי מוצדק
126,172/19,"דוא""ל",2019-07-23T00:00:00,,2019-09-18T11:32:00,משרד החינוך,2019-10-30T11:06:51,מוצדק
127,175/19,טופס מקוון,2019-05-15T00:00:00,אי מתן מענה,2019-09-22T00:00:00,המשרד לביטחון הפנים,2019-11-12T08:22:15,מוצדק
128,176/19,"דוא""ל",2019-06-12T00:00:00,חוסר בהנמקה,2019-09-22T14:10:00,משטרת ישראל,2019-10-24T08:36:23,מוצדק
129,177/19,"דוא""ל",2019-05-16T00:00:00,אי מתן מענה,2019-09-23T15:08:00,משרד העבודה הרווחה והשירותים החברתיים,2020-02-17T12:07:55,מוצדק
130,179/19,"דוא""ל",2019-07-17T00:00:00,אי מתן מענה,2019-09-26T10:00:00,משרד התחבורה והבטיחות בדרכים,2019-11-06T13:00:25,מוצדק
131,180/19,טופס מקוון,2019-08-22T00:00:00,אי מתן מענה,2019-10-01T00:00:00,משרד הפנים,2020-01-12T07:43:33,מוצדק
132,183/19,"דוא""ל",2019-04-30T00:00:00,אי מתן מענה,2019-10-02T00:00:00,משרד הבריאות,2019-12-02T10:37:55,מוצדק
133,182/19,"דוא""ל",2019-06-17T00:00:00,אי מתן מענה,2019-10-02T00:00:00,"צה""ל",2020-01-13T14:14:11,מוצדק
134,184/19,"דוא""ל",2019-07-25T00:00:00,אי מתן מענה,2019-10-03T12:57:00,משרד החינוך,2019-10-31T08:07:01,מוצדק
135,185/19,"דוא""ל",2019-04-15T00:00:00,אי מתן מענה,2019-10-03T13:40:00,משטרת ישראל,2019-11-20T08:58:51,מוצדק
136,186/19,"דוא""ל",2019-07-21T00:00:00,אי מתן מענה,2019-10-07T00:00:00,משרד החינוך,2019-10-29T11:46:04,מוצדק
137,187/19,טופס מקוון,2019-08-31T00:00:00,אי מתן מענה,2019-10-17T00:00:00,משרד הפנים,2019-12-25T09:20:07,מוצדק
138,188/19,"דוא""ל",2019-08-22T00:00:00,אי מתן מענה,2019-10-22T08:58:00,רשות המים והביוב,2019-12-18T08:36:22,מוצדק
139,191/19,טופס מקוון,2019-10-23T00:00:00,הנחיות מנהליות,2019-10-23T00:00:00,המשרד להגנת הסביבה,2019-10-24T09:33:08,בלתי מוצדק
140,189/19,טופס מקוון,2019-08-20T00:00:00,אי מתן מענה,2019-10-23T00:00:00,רשות מקרקעי ישראל,2019-12-10T09:52:42,בלתי מוצדק
141,190/19,טופס מקוון,2019-08-20T00:00:00,אי מתן מענה,2019-10-23T00:00:00,משרד הבינוי והשיכון,2020-01-09T14:44:44,בלתי מוצדק
142,193/19,טופס מקוון,2019-08-28T00:00:00,אי מתן מענה,2019-11-06T00:00:00,משרד החינוך,2019-12-16T13:42:53,בלתי מוצדק
143,192/19,"דוא""ל",2019-07-05T00:00:00,אי מתן מענה,2019-11-06T10:48:00,משרד ראש הממשלה,2019-12-09T10:06:23,בלתי מוצדק
144,194/19,"דוא""ל",2019-09-03T00:00:00,אי מתן מענה,2019-11-07T09:14:00,משרד החינוך,2019-11-17T10:37:37,בלתי מוצדק
145,196/19,טופס מקוון,2019-06-11T00:00:00,אי מתן מענה,2019-11-10T00:00:00,משרד הבריאות,2020-02-06T12:50:18,מוצדק
146,198/19,"דוא""ל",2019-08-12T00:00:00,אי מתן מענה,2019-11-11T00:00:00,משטרת ישראל,2019-11-21T12:20:43,מוצדק
147,197/19,טופס מקוון,2019-10-27T00:00:00,אי מתן מענה,2019-11-11T00:00:00,משרד החינוך,2019-12-25T09:39:40,מוצדק
148,202/19,טופס מקוון,2019-07-25T00:00:00,אי מתן מענה,2019-11-13T00:00:00,משרד הבריאות,2020-02-10T13:04:48,מוצדק
149,199/19,טופס מקוון,2019-02-05T00:00:00,אי מתן מענה,2019-11-13T00:00:00,משרד הבריאות,2020-01-05T11:40:01,מוצדק
150,200/19,"דוא""ל",2019-05-13T00:00:00,אי מתן מענה,2019-11-13T13:17:00,משרד החקלאות ופיתוח הכפר,2019-12-15T11:48:55,מוצדק
151,201/19,"דוא""ל",2019-09-09T00:00:00,אי מתן מענה,2019-11-13T14:16:00,משרד העבודה הרווחה והשירותים החברתיים,2020-02-02T13:09:36,מוצדק
152,203/19,"דוא""ל",2019-10-13T00:00:00,אי מתן מענה,2019-11-14T10:43:00,משרד התקשורת,2019-11-14T12:47:20,הטיפול הופסק
153,205/19,"דוא""ל",2019-08-13T00:00:00,אי מתן מענה,2019-11-17T00:00:00,משרד הבריאות,2019-12-17T08:10:53,מוצדק
154,206/19,"דוא""ל",2019-07-22T00:00:00,אי מתן מענה,2019-11-21T10:12:00,משרד הבריאות,2019-12-23T13:34:00,הטיפול הופסק
155,207/19,"דוא""ל",2019-05-21T00:00:00,אי מתן מענה,2019-11-22T00:00:00,משרד העלייה והקליטה,2019-12-01T11:47:18,הטיפול הופסק
156,208/19,"דוא""ל",2019-05-21T00:00:00,אי מתן מענה,2019-11-22T00:00:00,משרד ראש הממשלה,2019-12-01T11:43:56,הטיפול הופסק
157,209/19,"דוא""ל",2019-11-19T00:00:00,אי מתן מענה,2019-12-01T15:13:00,מנהל אזרחי אזור יהודה ושומרון,2020-03-11T12:48:21,מוצדק
158,210/19,"דוא""ל",2019-10-10T00:00:00,אי מתן מענה,2019-12-01T15:52:00,המשרד להגנת הסביבה,2020-01-05T10:44:13,מוצדק
159,211/19,טופס מקוון,2019-08-01T00:00:00,אי מתן מענה,2019-12-03T00:00:00,נציבות שירות המדינה,2019-12-30T14:28:18,מוצדק
160,216/19,טופס מקוון,2019-10-28T00:00:00,אי מתן מענה,2019-12-11T00:00:00,משרד הבריאות,2019-12-30T07:58:49,בלתי מוצדק
161,217/19,"דוא""ל",2019-10-06T00:00:00,אי מתן מענה,2019-12-12T09:38:00,האפוטרופוס הכללי והכונס הרשמי,2020-02-17T11:58:00,מוצדק
162,218/19,"דוא""ל",2019-11-26T00:00:00,חוסר בהנמקה,2019-12-12T10:21:00,משרד הפנים,2020-03-03T11:17:16,מוצדק
163,219/19,"דוא""ל",2019-10-24T00:00:00,אי מתן מענה,2019-12-18T09:03:00,מנהל אזרחי אזור יהודה ושומרון,2020-03-03T13:40:20,מוצדק
164,220/19,"דוא""ל",2019-02-11T00:00:00,אי מתן מענה,2019-12-25T08:06:00,המשרד להגנת הסביבה,2020-01-30T15:04:57,הטיפול הופסק
165,221/19,"דוא""ל",2019-11-19T00:00:00,אי מתן מענה,2019-12-25T09:06:00,המשרד לביטחון הפנים,2020-01-12T08:42:39,מוצדק
166,222/19,"דוא""ל",2019-11-21T00:00:00,אי מתן מענה,2019-12-25T09:15:00,המשרד לביטחון הפנים,2019-12-30T08:32:27,מוצדק
167,223/19,"דוא""ל",2019-11-25T00:00:00,אי מתן מענה,2019-12-30T08:36:00,נציבות שירות המדינה,2020-01-05T14:19:11,מוצדק
168,1/20,"דוא""ל",2019-12-02T00:00:00,אי מתן מענה,2020-01-05T08:42:00,רשות התחרות,2020-02-03T11:22:57,בלתי מוצדק
169,2/20,"דוא""ל",2019-11-29T00:00:00,אי מתן מענה,2020-01-05T09:19:00,משטרת ישראל,2020-02-19T09:48:40,מוצדק
170,3/20,טופס מקוון,2019-07-23T00:00:00,אי מתן מענה,2020-01-07T00:00:00,משטרת ישראל,2020-02-03T11:40:21,מוצדק
171,5/20,טופס מקוון,2019-12-05T00:00:00,אי מתן מענה,2020-01-07T00:00:00,משרד הפנים,2020-05-21T10:32:07,מוצדק
172,4/20,טופס מקוון,2019-07-23T00:00:00,אי מתן מענה,2020-01-07T00:00:00,משטרת ישראל,2020-01-08T09:07:03,הטיפול הופסק
173,6/20,"דוא""ל",2019-11-30T00:00:00,אי מתן מענה,2020-01-08T10:04:00,משטרת ישראל,2020-02-19T10:01:53,מוצדק
174,7/20,"דוא""ל",2019-11-06T00:00:00,אי מתן מענה,2020-01-12T08:02:00,המשרד להגנת הסביבה,2020-01-13T14:27:26,הטיפול הופסק
175,9/20,טופס מקוון,2019-12-02T00:00:00,,2020-01-13T00:00:00,משרד האוצר,2020-01-14T09:50:14,הטיפול הופסק
176,10/20,"דוא""ל",2019-12-07T00:00:00,אי מתן מענה,2020-01-13T15:19:00,משטרת ישראל,2020-02-19T10:09:11,מוצדק
177,11/20,"דוא""ל",2019-12-09T00:00:00,אי מתן מענה,2020-01-13T15:43:00,משטרת ישראל,2020-02-19T10:13:13,מוצדק
178,12/20,טופס מקוון,2019-12-02T00:00:00,חוסר בהנמקה,2020-01-14T00:00:00,משרד האוצר,2020-01-14T09:44:53,הטיפול הופסק
179,16/20,טופס מקוון,2019-12-15T00:00:00,אי מתן מענה,2020-01-15T00:00:00,משרד החינוך,2020-01-26T10:18:13,מוצדק
180,19/20,טופס מקוון,2019-11-25T00:00:00,אי מתן מענה,2020-01-15T00:00:00,"רשות שוק ההון, הביטוח והחיסכון",2020-01-30T11:56:17,מוצדק
181,18/20,טופס מקוון,2019-11-10T00:00:00,אי מתן מענה,2020-01-15T00:00:00,"צה""ל",2020-02-26T12:03:11,מוצדק
182,20/20,טופס מקוון,2020-01-01T00:00:00,אגרות,2020-01-15T00:00:00,משרד הפנים,2020-01-21T11:22:34,בלתי מוצדק
183,13/20,"דוא""ל",2019-11-27T00:00:00,אי מתן מענה,2020-01-15T09:30:00,משרד החינוך,2020-02-09T12:02:16,בלתי מוצדק
184,14/20,"דוא""ל",2019-10-16T00:00:00,אי מתן מענה,2020-01-15T10:25:00,"צה""ל",2020-02-10T13:12:36,מוצדק
185,15/20,"דוא""ל",2019-12-10T00:00:00,אי מתן מענה,2020-01-15T10:55:00,משרד הפנים,2020-05-12T10:11:28,מוצדק
186,17/20,"דוא""ל",2019-10-20T00:00:00,אי מתן מענה,2020-01-15T14:51:00,משרד הבריאות,2020-03-05T13:14:32,הטיפול הופסק
187,21/20,"דוא""ל",2019-10-03T00:00:00,אי מתן מענה,2020-01-19T07:51:00,משרד החקלאות ופיתוח הכפר,2020-02-09T10:41:08,מוצדק
188,22/20,טופס מקוון,2019-11-17T00:00:00,אי מתן מענה,2020-01-21T00:00:00,"צה""ל",2020-06-01T11:32:15,מוצדק
189,23/20,טופס מקוון,2019-12-02T00:00:00,אי מתן מענה,2020-01-21T00:00:00,רשות התחרות,2020-01-22T10:39:12,הטיפול הופסק
190,24/20,"דוא""ל",2019-08-15T00:00:00,אי מתן מענה,2020-01-26T16:00:00,משטרת ישראל,2020-05-27T08:54:13,מוצדק
191,25/20,"דוא""ל",2019-11-18T00:00:00,אי מתן מענה,2020-01-27T14:39:00,משטרת ישראל,2020-02-19T10:16:57,מוצדק
192,27/20,טופס מקוון,2020-01-01T00:00:00,אי מתן מענה,2020-02-02T00:00:00,רשות האוכלוסין וההגירה,2020-02-17T11:48:45,בלתי מוצדק
193,28/20,טופס מקוון,,חוסר בהנמקה,2020-02-04T00:00:00,מרכז רפואי פוריה,2020-02-04T11:12:59,הטיפול הופסק
194,29/20,טופס מקוון,2019-12-09T00:00:00,אי מתן מענה,2020-02-04T00:00:00,בית חולים וולפסון,2020-02-06T08:41:28,הטיפול הופסק
195,30/20,טופס מקוון,,אגרות,2020-02-04T00:00:00,בית חולים איכילוב,2020-02-06T08:42:46,הטיפול הופסק
196,31/20,טופס מקוון,,,2020-02-04T00:00:00,בית חולים איכילוב,2020-02-06T08:44:13,הטיפול הופסק
197,32/20,טופס מקוון,2019-06-02T00:00:00,,2020-02-05T00:00:00,המשרד להגנת הסביבה,2020-07-29T10:00:15,מוצדק חלקית
198,33/20,טופס מקוון,2019-05-30T00:00:00,אי מתן מענה,2020-02-06T00:00:00,משרד החקלאות ופיתוח הכפר,2020-06-08T09:05:31,מוצדק
199,35/20,טופס מקוון,2019-11-24T00:00:00,אי מתן מענה,2020-02-10T00:00:00,המשרד לביטחון הפנים,2020-03-05T10:11:56,מוצדק
200,37/20,טופס מקוון,2019-12-02T00:00:00,אי מתן מענה,2020-02-10T00:00:00,משרד האוצר,2020-03-11T10:28:22,מוצדק
201,36/20,"דוא""ל",2020-01-06T00:00:00,אי מתן מענה,2020-02-10T13:53:00,משטרת ישראל,2020-02-20T12:28:58,הטיפול הופסק
202,39/20,טופס מקוון,2019-12-19T00:00:00,אי מתן מענה,2020-02-12T00:00:00,בית חולים איכילוב,2020-05-24T11:42:55,מוצדק
203,40/20,טופס מקוון,2019-12-15T00:00:00,אי מתן מענה,2020-02-14T00:00:00,"רשות שוק ההון, הביטוח והחיסכון",2020-02-26T12:20:19,מוצדק
204,42/20,טופס מקוון,2019-09-17T00:00:00,אי מתן מענה,2020-02-20T00:00:00,משרד האוצר,2020-03-11T15:47:42,מוצדק
205,44/20,טופס מקוון,2018-04-16T00:00:00,אי מתן מענה,2020-02-23T00:00:00,המשרד להגנת הסביבה,2020-07-09T10:40:55,מוצדק
206,45/20,"דוא""ל",2020-01-01T00:00:00,אגרות,2020-02-24T08:22:00,משרד הפנים,2020-06-16T16:42:11,הטיפול הופסק
207,46/20,"דוא""ל",2019-11-18T00:00:00,אי מתן מענה,2020-02-24T09:33:00,משטרת ישראל,2020-02-26T10:09:38,בלתי מוצדק
208,47/20,טופס מקוון,2019-01-04T00:00:00,אי מתן מענה,2020-02-25T00:00:00,משרד האוצר,2020-08-02T09:23:15,מוצדק
209,49/20,טופס מקוון,2019-07-23T00:00:00,אי מתן מענה,2020-02-26T00:00:00,משטרת ישראל,2020-03-09T12:13:01,הטיפול הופסק
210,48/20,טופס מקוון,2019-11-11T00:00:00,אי מתן מענה,2020-02-26T00:00:00,שירות בתי הסוהר,2020-05-11T11:17:57,בלתי מוצדק
211,50/20,טופס מקוון,2020-01-26T00:00:00,אי מתן מענה,2020-02-27T00:00:00,משרד החינוך,2020-05-11T12:10:33,מוצדק
212,55/20,טופס מקוון,2020-01-31T00:00:00,אי מתן מענה,2020-03-03T00:00:00,משרד הבריאות,2020-08-18T11:56:11,מוצדק
213,54/20,טופס מקוון,2020-01-30T00:00:00,אי מתן מענה,2020-03-03T00:00:00,משרד המשפטים,2020-03-05T12:08:03,בלתי מוצדק
214,56/20,טופס מקוון,2019-12-02T00:00:00,הנחיות מנהליות,2020-03-03T00:00:00,רשות התחרות,2020-05-20T10:33:56,בלתי מוצדק
215,57/20,טופס מקוון,2019-08-18T00:00:00,אי מתן מענה,2020-03-04T00:00:00,"צה""ל",2020-08-05T07:53:29,מוצדק
216,59/20,"דוא""ל",2019-12-08T00:00:00,אי מתן מענה,2020-03-05T12:11:00,משטרת ישראל,2020-05-27T09:03:39,בלתי מוצדק
217,61/20,"דוא""ל",2019-10-23T00:00:00,אי מתן מענה,2020-03-05T16:22:00,מנהל אזרחי אזור יהודה ושומרון,2020-05-10T11:08:22,מוצדק
218,62/20,טופס מקוון,2018-12-24T00:00:00,אי מתן מענה,2020-03-07T00:00:00,המשרד להגנת הסביבה,2020-08-18T12:10:38,מוצדק
219,64/20,"דוא""ל",2020-01-28T00:00:00,אי מתן מענה,2020-03-09T07:26:00,האפוטרופוס הכללי והכונס הרשמי,2020-06-07T13:58:04,מוצדק
220,67/20,טופס מקוון,2019-01-15T00:00:00,אי מתן מענה,2020-03-24T00:00:00,צבא הגנה לישראל,2020-05-05T07:52:05,הטיפול הופסק
221,66/20,טופס מקוון,2019-01-15T00:00:00,אי מתן מענה,2020-03-24T00:00:00,צבא הגנה לישראל,2020-05-07T10:29:04,הטיפול הופסק
222,69/20,טופס מקוון,2020-01-01T00:00:00,אי מתן מענה,2020-03-25T00:00:00,משרד החקלאות ופיתוח הכפר,2020-06-08T08:49:05,מוצדק
223,79/20,"דוא""ל",2019-11-03T00:00:00,אי מתן מענה,2020-05-06T09:59:00,"מתאם פעולות הממשלה בשטחים (מתפ""ש)",2020-07-09T11:36:07,מוצדק
224,80/20,"דוא""ל",2019-12-05T00:00:00,אי מתן מענה,2020-05-07T10:52:00,הרבנות הראשית לישראל,2020-05-20T12:41:05,בלתי מוצדק
225,81/20,"דוא""ל",2020-04-05T00:00:00,אי מתן מענה,2020-05-07T11:16:00,משרד האוצר,2020-08-11T11:28:25,מוצדק
226,82/20,טופס מקוון,2019-12-17T00:00:00,אי מתן מענה,2020-05-08T00:00:00,המשרד להגנת הסביבה,2020-06-08T08:53:11,מוצדק
227,83/20,"דוא""ל",2020-04-16T00:00:00,אי מתן מענה,2020-05-10T12:24:00,משרד הבריאות,2020-05-12T10:25:37,מוצדק
228,87/20,טופס מקוון,2020-02-06T00:00:00,אי מתן מענה,2020-05-13T00:00:00,נציבות שירות המדינה,2020-11-25T09:40:41,מוצדק
229,86/20,טופס מקוון,2020-01-15T00:00:00,אי מתן מענה,2020-05-13T00:00:00,משרד הפנים,2020-07-01T13:49:20,מוצדק
230,85/20,טופס מקוון,2020-02-24T00:00:00,אי מתן מענה,2020-05-13T00:00:00,המשרד להגנת הסביבה,2020-05-26T10:40:59,בלתי מוצדק
231,88/20,"דוא""ל",2019-08-02T00:00:00,חוסר בהנמקה,2020-05-17T00:00:00,משרד המשפטים,2020-07-06T14:12:40,מוצדק
232,89/20,"דוא""ל",2020-03-17T00:00:00,אי מתן מענה,2020-05-20T11:43:00,"צה""ל",2020-08-20T10:05:11,מוצדק
233,90/20,טופס מקוון,2019-12-01T00:00:00,אי מתן מענה,2020-05-21T00:00:00,"צה""ל",2020-08-27T09:13:25,מוצדק
234,91/20,טופס מקוון,2020-02-10T00:00:00,אי מתן מענה,2020-05-26T00:00:00,משרד ראש הממשלה,2020-07-06T09:41:31,מוצדק
235,92/20,טופס מקוון,2020-01-14T00:00:00,אי מתן מענה,2020-06-01T00:00:00,משרד הבריאות,2021-04-22T10:12:04,מוצדק
236,94/20,טופס מקוון,2020-05-27T00:00:00,אי מתן מענה,2020-06-02T00:00:00,משרד הבינוי והשיכון,2020-06-09T10:43:24,בלתי מוצדק
237,93/20,"דוא""ל",2020-02-10T00:00:00,אי מתן מענה,2020-06-02T09:09:00,"צה""ל",2020-07-16T09:13:06,מוצדק
238,95/20,טופס מקוון,2019-08-28T00:00:00,אי מתן מענה,2020-06-03T00:00:00,המשרד לשירותי דת,2020-06-21T13:36:30,בלתי מוצדק
239,96/20,טופס מקוון,2020-05-06T00:00:00,אי מתן מענה,2020-06-06T00:00:00,"צה""ל",2020-06-07T15:58:23,הטיפול הופסק
240,97/20,טופס מקוון,2020-03-08T00:00:00,אי מתן מענה,2020-06-07T00:00:00,משטרת ישראל,2020-06-25T09:10:25,בלתי מוצדק
241,98/20,טופס מקוון,2019-11-04T00:00:00,אי מתן מענה,2020-06-10T00:00:00,המשרד להגנת הסביבה,2020-09-21T14:51:12,מוצדק
242,99/20,טופס מקוון,2020-03-10T00:00:00,אי מתן מענה,2020-06-11T00:00:00,משרד הפנים,2020-06-21T13:14:44,בלתי מוצדק
243,100/20,טופס מקוון,2020-03-24T00:00:00,אי מתן מענה,2020-06-15T00:00:00,משרד החקלאות ופיתוח הכפר,2020-06-24T09:16:54,מוצדק
244,102/20,"דוא""ל",2020-03-07T00:00:00,אי מתן מענה,2020-06-18T08:58:00,משרד הביטחון,2020-07-08T11:46:11,מוצדק
245,105/20,טופס מקוון,2020-05-15T00:00:00,אי מתן מענה,2020-06-21T00:00:00,משרד הבריאות,2020-06-25T09:16:46,מוצדק
246,106/20,טופס מקוון,2019-12-09T00:00:00,אי מתן מענה,2020-06-21T00:00:00,משרד התחבורה והבטיחות בדרכים,2020-07-02T13:00:05,מוצדק
247,107/20,טופס מקוון,2020-05-15T00:00:00,אי מתן מענה,2020-06-22T00:00:00,משטרת ישראל,2020-06-28T13:09:19,בלתי מוצדק
248,109/20,טופס מקוון,2020-05-12T00:00:00,אי מתן מענה,2020-06-23T00:00:00,משרד העבודה הרווחה והשירותים החברתיים,2020-07-29T12:31:50,מוצדק
249,111/20,טופס מקוון,2020-05-26T00:00:00,אי מתן מענה,2020-06-29T00:00:00,משרד העבודה הרווחה והשירותים החברתיים,2020-07-09T10:01:03,בלתי מוצדק
250,112/20,"דוא""ל",2020-03-16T00:00:00,אי מתן מענה,2020-06-29T13:04:00,משרד החקלאות ופיתוח הכפר,2020-07-16T09:19:54,בלתי מוצדק
251,114/20,טופס מקוון,2019-10-31T00:00:00,אי מתן מענה,2020-07-01T00:00:00,משרד ראש הממשלה,2020-09-01T18:42:06,הטיפול הופסק
252,117/20,טופס מקוון,2020-02-09T00:00:00,אי מתן מענה,2020-07-06T00:00:00,משרד התיירות,2020-07-22T11:00:46,מוצדק חלקית
253,121/20,טופס מקוון,2020-06-22T00:00:00,אי מתן מענה,2020-07-12T00:00:00,משרד החינוך,2020-08-10T11:09:38,מוצדק
254,122/20,"דוא""ל",2020-01-14T00:00:00,אי מתן מענה,2020-07-13T09:22:00,"צה""ל",2020-08-03T09:58:04,מוצדק
255,124/20,טופס מקוון,2020-06-12T00:00:00,אי מתן מענה,2020-07-19T00:00:00,משטרת ישראל,2020-07-20T08:43:37,בלתי מוצדק
256,126/20,טופס מקוון,,אגרות,2020-07-20T00:00:00,משרד התיירות,2020-07-28T13:33:56,מוצדק
257,127/20,טופס מקוון,2020-03-29T00:00:00,אי מתן מענה,2020-07-20T00:00:00,משרד החינוך,2020-10-29T08:33:14,מוצדק
258,130/20,טופס מקוון,2020-01-19T00:00:00,אי מתן מענה,2020-07-22T00:00:00,משרד הפנים,2020-08-10T09:57:23,מוצדק
259,131/20,טופס מקוון,2020-05-10T00:00:00,חוסר בהנמקה,2020-07-26T00:00:00,משרד המשפטים,2020-11-05T12:15:40,מוצדק
260,132/20,טופס מקוון,,חוסר בהנמקה,2020-07-27T00:00:00,משרד התיירות,2020-08-04T14:38:09,בלתי מוצדק
261,134/20,טופס מקוון,2020-05-07T00:00:00,חוסר בהנמקה,2020-07-27T00:00:00,רשות מקרקעי ישראל,2020-09-07T12:53:41,בלתי מוצדק
262,141/20,טופס מקוון,2020-04-23T00:00:00,אי מתן מענה,2020-07-28T00:00:00,צבא הגנה לישראל,2020-12-03T13:47:01,מוצדק
263,156/20,"דוא""ל",2020-06-02T00:00:00,אי מתן מענה,2020-08-02T00:00:00,משרד התחבורה והבטיחות בדרכים,2020-10-26T10:58:27,מוצדק
264,143/20,טופס מקוון,2020-03-18T00:00:00,אי מתן מענה,2020-08-02T00:00:00,המשרד להגנת הסביבה,2021-07-12T10:31:29,מוצדק
265,146/20,"דוא""ל",2020-04-21T00:00:00,אי מתן מענה,2020-08-03T10:07:00,משרד הבריאות,2020-09-16T10:28:54,מוצדק
266,151/20,טופס מקוון,2020-07-04T00:00:00,אי מתן מענה,2020-08-06T00:00:00,משטרת ישראל,2020-09-16T10:38:26,בלתי מוצדק
267,158/20,טופס מקוון,2020-01-28T00:00:00,אי מתן מענה,2020-08-12T00:00:00,המשרד להגנת הסביבה,2020-09-07T15:22:13,בלתי מוצדק
268,157/20,טופס מקוון,2020-03-23T00:00:00,אי מתן מענה,2020-08-12T00:00:00,משרד התחבורה והבטיחות בדרכים,2020-09-22T11:51:01,בלתי מוצדק
269,167/20,"דוא""ל",2020-03-26T00:00:00,אי מתן מענה,2020-08-13T00:00:00,משרדי ממשלה שונים בתלונות רוחביות,2020-10-29T15:17:47,הטיפול הופסק
270,162/20,טופס מקוון,2020-07-07T00:00:00,אי מתן מענה,2020-08-13T00:00:00,המשרד להגנת הסביבה,2020-08-27T09:20:54,בלתי מוצדק
271,159/20,"דוא""ל",2020-01-07T00:00:00,אי מתן מענה,2020-08-13T07:28:00,משרד האוצר,2021-04-07T12:58:25,מוצדק
272,160/20,"דוא""ל",2018-08-12T00:00:00,אי מתן מענה,2020-08-13T07:32:00,משרד ראש הממשלה,2021-04-07T13:15:11,מוצדק
273,161/20,"דוא""ל",2019-01-30T00:00:00,אי מתן מענה,2020-08-13T07:37:00,משרד ראש הממשלה,2021-04-07T13:19:23,מוצדק
274,165/20,טופס מקוון,2020-05-21T00:00:00,אי מתן מענה,2020-08-16T00:00:00,משרד התחבורה והבטיחות בדרכים,2020-10-18T14:50:52,מוצדק
275,169/20,טופס מקוון,2019-09-18T00:00:00,אי מתן מענה,2020-08-20T00:00:00,משרד התפוצות,2020-10-14T11:35:09,מוצדק
276,170/20,טופס מקוון,2020-07-01T00:00:00,אי מתן מענה,2020-08-20T00:00:00,משטרת ישראל,2020-08-27T09:30:56,בלתי מוצדק
277,171/20,טופס מקוון,2020-02-25T00:00:00,אי מתן מענה,2020-08-23T00:00:00,משרד העבודה הרווחה והשירותים החברתיים,2020-10-20T10:34:20,מוצדק חלקית
278,172/20,טופס מקוון,2020-02-09T00:00:00,אי מתן מענה,2020-08-23T00:00:00,מנהל אזרחי אזור יהודה ושומרון,2020-08-31T14:33:41,מוצדק
279,173/20,טופס מקוון,2020-07-22T00:00:00,אי מתן מענה,2020-08-24T00:00:00,משרד הבינוי והשיכון,2020-10-12T10:00:58,הטיפול הופסק
280,176/20,טופס מקוון,2020-03-23T00:00:00,אי מתן מענה,2020-08-25T00:00:00,רשות מקרקעי ישראל,2020-09-13T09:57:56,הטיפול הופסק
281,177/20,"דוא""ל",2020-07-29T00:00:00,חוסר בהנמקה,2020-08-26T09:51:00,משטרת ישראל,2020-11-12T08:26:33,מוצדק חלקית
282,178/20,טופס מקוון,2020-06-06T00:00:00,אי מתן מענה,2020-08-27T00:00:00,משרד הבריאות,2020-10-26T11:12:10,בלתי מוצדק
283,190/20,טופס מקוון,2019-12-22T00:00:00,אי מתן מענה,2020-08-30T00:00:00,משרד החוץ,2020-11-23T13:03:53,מוצדק
284,191/20,טופס מקוון,2020-05-08T00:00:00,אי מתן מענה,2020-08-30T00:00:00,משרד הבריאות,2020-11-29T10:06:11,מוצדק
285,193/20,טופס מקוון,2020-01-26T00:00:00,אי מתן מענה,2020-08-30T00:00:00,משרד הבריאות,2020-11-29T10:08:51,מוצדק
286,189/20,טופס מקוון,2020-01-18T00:00:00,אי מתן מענה,2020-08-30T00:00:00,משרד הבריאות,2020-11-30T13:19:24,מוצדק
287,187/20,טופס מקוון,2020-07-28T00:00:00,אי מתן מענה,2020-08-30T00:00:00,משרד החינוך,2020-09-07T13:11:31,מוצדק
288,192/20,טופס מקוון,2020-04-17T00:00:00,אי מתן מענה,2020-08-30T00:00:00,משרד ראש הממשלה,2021-04-07T13:23:13,מוצדק
289,194/20,טופס מקוון,2020-03-15T00:00:00,אי מתן מענה,2020-08-30T00:00:00,משרד הבריאות,2021-04-12T10:03:02,מוצדק
290,186/20,טופס מקוון,2020-07-08T00:00:00,אי מתן מענה,2020-08-30T00:00:00,רשות מקרקעי ישראל,2021-07-12T11:32:59,מוצדק
291,195/20,טופס מקוון,2020-03-10T00:00:00,אי מתן מענה,2020-08-30T00:00:00,משרד התחבורה והבטיחות בדרכים,2020-10-12T10:05:00,בלתי מוצדק
292,198/20,טופס מקוון,2020-05-25T00:00:00,אי מתן מענה,2020-08-31T00:00:00,משרד העבודה הרווחה והשירותים החברתיים,2020-09-21T14:02:46,בלתי מוצדק
293,204/20,טופס מקוון,2020-04-13T00:00:00,אי מתן מענה,2020-09-01T00:00:00,משרד ראש הממשלה,2020-09-24T12:46:26,מוצדק
294,211/20,טופס מקוון,2020-06-30T00:00:00,אי מתן מענה,2020-09-03T00:00:00,משרד החקלאות ופיתוח הכפר,2020-09-07T13:57:15,מוצדק
295,215/20,טופס מקוון,2020-05-18T00:00:00,אי מתן מענה,2020-09-06T00:00:00,משרד העבודה הרווחה והשירותים החברתיים,2020-10-12T10:14:51,מוצדק
296,214/20,טופס מקוון,2020-08-06T00:00:00,אי מתן מענה,2020-09-06T00:00:00,משטרת ישראל,2020-10-28T15:07:17,בלתי מוצדק
297,218/20,טופס מקוון,2020-06-02T00:00:00,אי מתן מענה,2020-09-07T00:00:00,משרד העבודה הרווחה והשירותים החברתיים,2020-12-02T10:37:06,מוצדק
298,219/20,טופס מקוון,2020-07-28T00:00:00,אי מתן מענה,2020-09-07T00:00:00,משרד החינוך,2020-11-05T14:23:38,בלתי מוצדק
299,228/20,טופס מקוון,2020-08-05T00:00:00,אי מתן מענה,2020-09-09T00:00:00,משרד החינוך,2020-10-26T11:24:38,מוצדק
300,231/20,טופס מקוון,2020-07-13T00:00:00,אי מתן מענה,2020-09-13T00:00:00,"צה""ל",2020-11-04T12:14:07,מוצדק
301,230/20,טופס מקוון,2020-02-02T00:00:00,אי מתן מענה,2020-09-13T00:00:00,המשרד להגנת הסביבה,2020-11-09T13:47:44,מוצדק
302,232/20,טופס מקוון,2020-08-08T00:00:00,אי מתן מענה,2020-09-13T00:00:00,נציבות שירות המדינה,2020-11-10T11:10:06,מוצדק
303,234/20,טופס מקוון,2020-07-13T00:00:00,אי מתן מענה,2020-09-13T00:00:00,משרד הבינוי והשיכון,2020-09-16T13:20:34,הטיפול הופסק
304,233/20,טופס מקוון,2020-07-13T00:00:00,אי מתן מענה,2020-09-13T00:00:00,משרד הבינוי והשיכון,2020-09-16T14:23:38,הטיפול הופסק
305,238/20,טופס מקוון,2020-02-02T00:00:00,אי מתן מענה,2020-09-16T00:00:00,המשרד להגנת הסביבה,2020-11-09T13:55:28,מוצדק
306,239/20,טופס מקוון,2020-04-27T00:00:00,אי מתן מענה,2020-09-16T00:00:00,משרד האוצר,2021-04-07T13:40:44,מוצדק
307,236/20,טופס מקוון,2019-12-04T00:00:00,אי מתן מענה,2020-09-16T00:00:00,"צה""ל",2021-04-07T14:18:43,מוצדק
308,235/20,טופס מקוון,2020-08-05T00:00:00,אי מתן מענה,2020-09-16T00:00:00,נציבות שירות המדינה,2020-12-02T10:10:26,מוצדק
309,243/20,טופס מקוון,2020-06-19T00:00:00,אי מתן מענה,2020-09-22T00:00:00,משטרת ישראל,2020-10-12T10:49:20,מוצדק
310,244/20,טופס מקוון,2020-08-16T00:00:00,אי מתן מענה,2020-09-22T00:00:00,משרד הביטחון,2020-09-23T12:43:58,הטיפול הופסק
311,247/20,טופס מקוון,2020-08-22T00:00:00,אי מתן מענה,2020-09-22T00:00:00,משרד התחבורה והבטיחות בדרכים,2020-10-26T11:41:21,בלתי מוצדק
312,248/20,טופס מקוון,2020-07-16T00:00:00,אי מתן מענה,2020-09-23T00:00:00,משרד התחבורה והבטיחות בדרכים,2020-12-23T14:03:46,מוצדק
313,252/20,טופס מקוון,2019-12-02T00:00:00,אי מתן מענה,2020-09-24T00:00:00,משטרת ישראל,2021-04-07T13:54:12,בלתי מוצדק
314,254/20,טופס מקוון,2020-03-29T00:00:00,אי מתן מענה,2020-09-28T00:00:00,משרד הביטחון,2020-10-18T15:10:22,הטיפול הופסק
315,256/20,טופס מקוון,2020-07-05T00:00:00,אי מתן מענה,2020-09-30T00:00:00,משטרת ישראל,2020-12-01T15:06:27,מוצדק
316,268/20,טופס מקוון,2020-03-29T00:00:00,אי מתן מענה,2020-10-11T00:00:00,משרד הבריאות,2021-05-20T12:31:27,מוצדק
317,267/20,טופס מקוון,2020-07-30T00:00:00,אי מתן מענה,2020-10-11T00:00:00,רשות החשמל,2020-10-26T12:59:38,הטיפול הופסק
318,270/20,טופס מקוון,2020-09-09T00:00:00,אי מתן מענה,2020-10-11T00:00:00,משרד הכלכלה,2020-10-20T10:15:57,בלתי מוצדק
319,271/20,טופס מקוון,2020-09-03T00:00:00,אי מתן מענה,2020-10-13T00:00:00,המינהל לחינוך התיישבותי ועליית הנוער,2020-10-26T12:09:06,מוצדק
320,275/20,טופס מקוון,2020-06-01T00:00:00,אי מתן מענה,2020-10-14T00:00:00,"צה""ל",2020-12-03T13:37:18,מוצדק
321,276/20,טופס מקוון,2020-07-08T00:00:00,אי מתן מענה,2020-10-15T00:00:00,"צה""ל",2020-11-05T14:30:35,מוצדק
322,278/20,טופס מקוון,2020-09-02T00:00:00,אי מתן מענה,2020-10-15T00:00:00,משרד ההתיישבות,2020-11-05T14:35:20,מוצדק
323,281/20,טופס מקוון,2020-09-17T00:00:00,אי מתן מענה,2020-10-18T00:00:00,הנהלת בתי הדין הרבניים,2020-12-03T10:28:15,מוצדק
324,280/20,טופס מקוון,2020-10-04T00:00:00,חוסר בהנמקה,2020-10-18T00:00:00,הנהלת בתי המשפט,2020-10-27T13:14:45,הטיפול הופסק
325,283/20,טופס מקוון,2020-04-27T00:00:00,אי מתן מענה,2020-10-21T00:00:00,משרד המשפטים,2020-11-10T12:56:50,מוצדק
326,284/20,טופס מקוון,2020-07-06T00:00:00,חוסר בהנמקה,2020-10-21T00:00:00,בית חולים איכילוב,2021-04-28T12:46:45,מוצדק
327,285/20,טופס מקוון,2020-09-23T00:00:00,אי מתן מענה,2020-10-23T00:00:00,משטרת ישראל,2020-10-27T13:46:11,בלתי מוצדק
328,288/20,טופס מקוון,2020-05-31T00:00:00,אי מתן מענה,2020-10-25T00:00:00,משטרת ישראל,2020-12-02T10:15:46,מוצדק
329,292/20,טופס מקוון,2020-09-16T00:00:00,אי מתן מענה,2020-10-26T00:00:00,משרד התחבורה והבטיחות בדרכים,2021-01-05T13:43:44,בלתי מוצדק
330,295/20,טופס מקוון,2020-08-24T00:00:00,אי מתן מענה,2020-10-27T00:00:00,משרד החינוך,2020-11-25T12:06:12,מוצדק
331,297/20,טופס מקוון,2020-06-21T00:00:00,אי מתן מענה,2020-10-27T00:00:00,משרד החינוך,2020-12-23T15:34:48,מוצדק
332,298/20,טופס מקוון,2020-08-24T00:00:00,אי מתן מענה,2020-10-28T00:00:00,"צה""ל",2021-04-22T14:30:32,מוצדק
333,299/20,טופס מקוון,2020-08-24T00:00:00,אי מתן מענה,2020-10-28T00:00:00,רשות מקרקעי ישראל,2020-10-29T12:41:57,הטיפול הופסק
334,304/20,טופס מקוון,2020-08-19T00:00:00,אי מתן מענה,2020-11-02T00:00:00,משרד הבריאות,2020-11-10T08:32:37,מוצדק
335,307/20,טופס מקוון,2020-08-04T00:00:00,אי מתן מענה,2020-11-02T00:00:00,משרד התרבות והספורט,2020-11-11T10:41:07,מוצדק
336,306/20,טופס מקוון,2020-08-13T00:00:00,אי מתן מענה,2020-11-02T00:00:00,"מתאם פעולות הממשלה בשטחים (מתפ""ש)",2020-11-11T13:40:56,מוצדק
337,305/20,טופס מקוון,2020-09-21T00:00:00,אי מתן מענה,2020-11-02T00:00:00,"מתאם פעולות הממשלה בשטחים (מתפ""ש)",2020-11-11T13:47:27,מוצדק
338,303/20,טופס מקוון,2020-07-19T00:00:00,אגרות,2020-11-02T00:00:00,משרד המשפטים,2020-11-11T10:19:41,בלתי מוצדק
339,309/20,טופס מקוון,2020-10-04T00:00:00,אי מתן מענה,2020-11-03T00:00:00,משטרת ישראל,2021-04-07T15:02:44,בלתי מוצדק
340,313/20,טופס מקוון,2020-04-01T00:00:00,אי מתן מענה,2020-11-08T00:00:00,משרד התפוצות,2021-04-08T09:18:54,מוצדק
341,316/20,טופס מקוון,2020-05-24T00:00:00,אי מתן מענה,2020-11-09T00:00:00,משרד העבודה הרווחה והשירותים החברתיים,2021-04-07T15:34:05,מוצדק
342,317/20,טופס מקוון,2020-09-10T00:00:00,אי מתן מענה,2020-11-09T00:00:00,משרד הכלכלה,2020-11-10T08:21:19,בלתי מוצדק
343,318/20,טופס מקוון,2020-09-09T00:00:00,אי מתן מענה,2020-11-09T00:00:00,הרבנות הראשית לישראל,2020-12-23T10:29:04,בלתי מוצדק
344,333/20,טופס מקוון,2020-10-12T00:00:00,אי מתן מענה,2020-11-12T00:00:00,משרד הבריאות,2021-05-20T12:19:13,מוצדק
345,334/20,טופס מקוון,2020-10-04T00:00:00,אי מתן מענה,2020-11-12T00:00:00,"רשות שוק ההון, הביטוח והחיסכון",2020-12-02T09:44:51,מוצדק
346,332/20,טופס מקוון,2020-10-05T00:00:00,אי מתן מענה,2020-11-12T00:00:00,משרד העבודה הרווחה והשירותים החברתיים,2020-12-23T15:14:23,מוצדק
347,335/20,טופס מקוון,2020-08-04T00:00:00,אי מתן מענה,2020-11-13T00:00:00,משרד החינוך,2021-01-05T13:55:56,מוצדק
348,338/20,טופס מקוון,2020-01-01T00:00:00,חוסר בהנמקה,2020-11-15T00:00:00,משרד החוץ,2020-12-28T10:53:36,הטיפול הופסק
349,339/20,טופס מקוון,2020-09-24T00:00:00,חוסר בהנמקה,2020-11-15T00:00:00,הרבנות הראשית לישראל,2021-01-05T14:04:03,בלתי מוצדק
350,343/20,טופס מקוון,2020-03-29T00:00:00,אי מתן מענה,2020-11-16T00:00:00,מנהל אזרחי אזור יהודה ושומרון,2021-07-14T12:36:41,מוצדק
351,340/20,טופס מקוון,2020-08-04T00:00:00,אי מתן מענה,2020-11-16T00:00:00,"צה""ל",2021-01-06T12:03:15,מוצדק
352,352/20,טופס מקוון,2020-09-30T00:00:00,אי מתן מענה,2020-11-17T00:00:00,משרד הבריאות,2020-12-23T13:39:34,מוצדק
353,347/20,טופס מקוון,2020-04-26T00:00:00,אי מתן מענה,2020-11-17T00:00:00,מנהל אזרחי אזור יהודה ושומרון,2021-07-14T12:08:26,בלתי מוצדק
354,373/20,טופס מקוון,2020-07-23T00:00:00,אי מתן מענה,2020-11-22T00:00:00,משרד החינוך,2021-01-05T14:19:35,מוצדק
355,375/20,טופס מקוון,2020-08-12T00:00:00,חוסר בהנמקה,2020-11-22T00:00:00,הנהלת בתי הדין הרבניים,2021-06-02T13:20:01,הטיפול הופסק
356,383/20,טופס מקוון,2020-09-30T00:00:00,אי מתן מענה,2020-11-25T00:00:00,"רשות שוק ההון, הביטוח והחיסכון",2021-04-07T12:52:28,בלתי מוצדק
357,384/20,טופס מקוון,2020-10-20T00:00:00,אי מתן מענה,2020-11-25T00:00:00,משרד המשפטים,2021-01-05T14:26:13,בלתי מוצדק
358,388/20,טופס מקוון,2020-11-04T00:00:00,אי מתן מענה,2020-11-26T00:00:00,רשות המסים בישראל,2020-12-03T10:45:18,בלתי מוצדק
359,390/20,טופס מקוון,2020-09-08T00:00:00,אי מתן מענה,2020-11-30T00:00:00,משרד הבריאות,2020-12-28T11:25:56,מוצדק
360,397/20,טופס מקוון,2020-08-25T00:00:00,אי מתן מענה,2020-12-01T00:00:00,נציבות שירות המדינה,2021-04-08T09:28:42,מוצדק
361,395/20,טופס מקוון,2020-09-07T00:00:00,אי מתן מענה,2020-12-01T00:00:00,"צה""ל",2021-06-02T12:21:45,מוצדק
362,396/20,טופס מקוון,2020-10-11T00:00:00,אי מתן מענה,2020-12-01T00:00:00,נציבות שירות המדינה,2021-06-03T10:44:15,מוצדק
363,399/20,טופס מקוון,2020-09-12T00:00:00,אי מתן מענה,2020-12-02T00:00:00,משרד הפנים,2021-04-08T10:31:02,מוצדק חלקית
364,400/20,טופס מקוון,2020-11-10T00:00:00,אי מתן מענה,2020-12-02T00:00:00,משרד התחבורה והבטיחות בדרכים,2020-12-03T11:39:37,בלתי מוצדק
365,401/20,טופס מקוון,2020-09-24T00:00:00,אי מתן מענה,2020-12-02T00:00:00,הנהלת בתי הדין הרבניים,2020-12-23T14:21:59,בלתי מוצדק
366,402/20,טופס מקוון,2020-07-29T00:00:00,אי מתן מענה,2020-12-03T00:00:00,המשרד להגנת הסביבה,2021-01-05T14:35:48,מוצדק
367,406/20,טופס מקוון,2020-08-05T00:00:00,אי מתן מענה,2020-12-06T00:00:00,משרד התחבורה והבטיחות בדרכים,2021-04-28T14:21:33,מוצדק
368,409/20,טופס מקוון,2020-10-12T00:00:00,אי מתן מענה,2020-12-07T00:00:00,משרד ראש הממשלה,2021-04-08T11:09:37,מוצדק
369,411/20,טופס מקוון,2020-08-24T00:00:00,אי מתן מענה,2020-12-07T00:00:00,נציבות שירות המדינה,2021-06-03T11:05:12,מוצדק
370,416/20,טופס מקוון,2020-11-03T00:00:00,אי מתן מענה,2020-12-09T00:00:00,משרד ראש הממשלה,2021-04-22T09:26:02,מוצדק חלקית
371,417/20,טופס מקוון,2020-09-26T00:00:00,אי מתן מענה,2020-12-09T00:00:00,המשרד לביטחון הפנים,2021-04-07T12:27:01,מוצדק
372,415/20,טופס מקוון,2020-10-12T00:00:00,אי מתן מענה,2020-12-09T00:00:00,משרד הבריאות,2021-01-06T11:35:00,מוצדק
373,419/20,טופס מקוון,2020-11-09T00:00:00,אי מתן מענה,2020-12-10T00:00:00,נציבות שירות המדינה,2021-06-03T11:11:43,מוצדק
374,422/20,טופס מקוון,2020-10-07T00:00:00,אי מתן מענה,2020-12-12T00:00:00,משרד הבריאות,2021-04-12T11:17:08,מוצדק
375,424/20,טופס מקוון,2020-10-06T00:00:00,אי מתן מענה,2020-12-13T00:00:00,נציבות שירות המדינה,2021-04-14T11:24:26,מוצדק
376,423/20,טופס מקוון,2020-10-06T00:00:00,אי מתן מענה,2020-12-13T00:00:00,נציבות שירות המדינה,2021-06-03T11:50:07,מוצדק
377,429/20,טופס מקוון,2020-11-26T00:00:00,אי מתן מענה,2020-12-15T00:00:00,שירות בתי הסוהר,2021-04-08T13:10:10,הטיפול הופסק
378,428/20,טופס מקוון,2020-11-10T00:00:00,אי מתן מענה,2020-12-15T00:00:00,רשות האכיפה והגבייה,2021-01-06T11:51:35,בלתי מוצדק
379,432/20,טופס מקוון,2020-09-24T00:00:00,אי מתן מענה,2020-12-16T00:00:00,משרד החקלאות ופיתוח הכפר,2021-04-22T09:36:00,מוצדק
380,435/20,טופס מקוון,2020-04-12T00:00:00,אי מתן מענה,2020-12-20T00:00:00,נציבות שירות המדינה,2021-06-03T12:31:22,מוצדק
381,443/20,טופס מקוון,2020-07-21T00:00:00,אי מתן מענה,2020-12-27T00:00:00,"צה""ל",2021-04-22T09:46:57,מוצדק
382,446/20,טופס מקוון,2020-07-19T00:00:00,אי מתן מענה,2020-12-28T00:00:00,משרד המשפטים,2021-04-14T11:45:58,מוצדק
383,447/20,טופס מקוון,2020-08-20T00:00:00,אי מתן מענה,2020-12-28T00:00:00,המשרד להגנת הסביבה,2021-05-11T15:33:39,מוצדק
384,444/20,טופס מקוון,2020-10-26T00:00:00,אי מתן מענה,2020-12-28T00:00:00,נציבות שירות המדינה,2021-06-03T13:42:51,מוצדק
385,7/21,טופס מקוון,2020-11-30T00:00:00,אי מתן מענה,2021-01-04T00:00:00,רשות מקרקעי ישראל,2021-04-18T10:00:45,מוצדק חלקית
386,4/21,טופס מקוון,2020-08-13T00:00:00,אי מתן מענה,2021-01-04T00:00:00,המשרד להגנת הסביבה,2021-06-06T12:24:09,מוצדק חלקית
387,5/21,טופס מקוון,2020-01-15T00:00:00,אי מתן מענה,2021-01-04T00:00:00,המשרד להגנת הסביבה,2021-04-14T12:59:25,מוצדק
388,6/21,טופס מקוון,2020-01-28T00:00:00,אי מתן מענה,2021-01-04T00:00:00,המשרד להגנת הסביבה,2021-04-14T14:47:25,מוצדק
389,9/21,טופס מקוון,2020-11-30T00:00:00,אי מתן מענה,2021-01-05T00:00:00,משרד האוצר,2021-06-03T13:52:38,מוצדק
390,11/21,טופס מקוון,2020-12-06T00:00:00,אי מתן מענה,2021-01-07T00:00:00,"מתאם פעולות הממשלה בשטחים (מתפ""ש)",2021-04-18T10:17:12,בלתי מוצדק
391,12/21,טופס מקוון,2020-12-06T00:00:00,אי מתן מענה,2021-01-07T00:00:00,"מתאם פעולות הממשלה בשטחים (מתפ""ש)",2021-04-18T10:26:38,בלתי מוצדק
392,13/21,טופס מקוון,2020-10-22T00:00:00,אי מתן מענה,2021-01-10T00:00:00,משרד החינוך,2021-04-08T11:46:04,מוצדק
393,16/21,טופס מקוון,2020-12-14T00:00:00,אי מתן מענה,2021-01-12T00:00:00,משרד התחבורה והבטיחות בדרכים,2021-04-08T12:31:42,בלתי מוצדק
394,17/21,טופס מקוון,2020-08-16T00:00:00,אי מתן מענה,2021-01-14T00:00:00,משרד ראש הממשלה,2021-04-11T10:17:32,מוצדק
395,18/21,טופס מקוון,2020-11-11T00:00:00,אי מתן מענה,2021-01-15T00:00:00,משרד המשפטים,2021-04-18T11:14:17,בלתי מוצדק
396,20/21,טופס מקוון,2020-12-01T00:00:00,אי מתן מענה,2021-01-17T00:00:00,משרד ראש הממשלה,2021-04-11T10:36:35,מוצדק
397,23/21,טופס מקוון,2020-12-17T00:00:00,אי מתן מענה,2021-01-18T00:00:00,משרד ראש הממשלה,2021-04-11T11:07:02,בלתי מוצדק
398,29/21,טופס מקוון,2020-11-16T00:00:00,אי מתן מענה,2021-01-19T00:00:00,"צה""ל",2021-04-18T10:30:59,מוצדק
399,31/21,טופס מקוון,2020-11-18T00:00:00,אי מתן מענה,2021-01-20T00:00:00,משרד הבריאות,2021-04-12T11:25:01,מוצדק
400,34/21,טופס מקוון,2020-12-17T00:00:00,אי מתן מענה,2021-01-21T00:00:00,רשות האוכלוסין וההגירה,2021-04-11T11:46:25,בלתי מוצדק
401,35/21,טופס מקוון,2020-10-27T00:00:00,אי מתן מענה,2021-01-21T00:00:00,משרד העבודה הרווחה והשירותים החברתיים,2021-04-11T12:36:29,בלתי מוצדק
402,36/21,טופס מקוון,2020-12-17T00:00:00,אי מתן מענה,2021-01-22T00:00:00,רשות האוכלוסין וההגירה,2021-06-02T11:04:13,בלתי מוצדק
403,41/21,טופס מקוון,2020-11-18T00:00:00,אי מתן מענה,2021-01-26T00:00:00,משרד האוצר,2021-04-18T10:50:09,מוצדק
404,44/21,טופס מקוון,2021-01-18T00:00:00,חוסר בהנמקה,2021-01-27T00:00:00,משרד התקשורת,2021-04-21T11:34:03,בלתי מוצדק
405,48/21,טופס מקוון,2020-12-20T00:00:00,אי מתן מענה,2021-01-31T00:00:00,משרד ראש הממשלה,2021-06-03T12:38:52,מוצדק
406,57/21,טופס מקוון,2021-01-05T00:00:00,אי מתן מענה,2021-02-08T00:00:00,משרד החינוך,2021-04-11T13:06:32,מוצדק
407,59/21,טופס מקוון,2020-12-14T00:00:00,אי מתן מענה,2021-02-09T00:00:00,רשות מקרקעי ישראל,2021-04-18T11:34:23,מוצדק חלקית
408,60/21,טופס מקוון,2020-08-26T00:00:00,אי מתן מענה,2021-02-09T00:00:00,"צה""ל",2021-07-14T10:59:02,מוצדק
409,66/21,טופס מקוון,2020-12-26T00:00:00,אי מתן מענה,2021-02-15T00:00:00,משרד החינוך,2021-03-14T15:36:48,הטיפול הופסק
410,75/21,טופס מקוון,2021-01-14T00:00:00,אי מתן מענה,2021-02-18T00:00:00,משרד החינוך,2021-04-11T13:41:50,מוצדק
411,77/21,טופס מקוון,2021-01-20T00:00:00,אי מתן מענה,2021-02-21T00:00:00,"צה""ל",2021-06-02T14:53:06,בלתי מוצדק
412,81/21,טופס מקוון,2020-12-08T00:00:00,אי מתן מענה,2021-02-22T00:00:00,משרד ראש הממשלה,2021-04-12T10:09:29,מוצדק
413,82/21,טופס מקוון,2020-11-25T00:00:00,אי מתן מענה,2021-02-22T00:00:00,משרד הבריאות,2021-04-12T11:55:23,מוצדק
414,85/21,טופס מקוון,2020-12-23T00:00:00,אי מתן מענה,2021-02-23T00:00:00,הרבנות הראשית לישראל,2021-07-14T11:12:53,מוצדק
415,87/21,טופס מקוון,2021-01-21T00:00:00,אי מתן מענה,2021-02-23T00:00:00,משרד התקשורת,2021-04-11T14:41:29,בלתי מוצדק
416,90/21,טופס מקוון,2017-04-06T00:00:00,אי מתן מענה,2021-03-01T00:00:00,משרד הביטחון,2021-07-14T12:38:55,מוצדק
417,95/21,טופס מקוון,2020-10-08T00:00:00,אי מתן מענה,2021-03-02T00:00:00,משרד החקלאות ופיתוח הכפר,2021-04-11T16:14:51,מוצדק
418,97/21,טופס מקוון,2021-01-04T00:00:00,אי מתן מענה,2021-03-04T00:00:00,משרד הפנים,2021-04-12T09:58:45,בלתי מוצדק
419,98/21,טופס מקוון,2021-01-25T00:00:00,אי מתן מענה,2021-03-05T00:00:00,משרד החינוך,2021-06-02T14:26:58,מוצדק
420,100/21,טופס מקוון,2021-02-02T00:00:00,אי מתן מענה,2021-03-07T00:00:00,משרד התקשורת,2021-04-07T11:40:26,בלתי מוצדק
421,102/21,טופס מקוון,2021-02-03T00:00:00,אי מתן מענה,2021-03-08T00:00:00,משרד הבריאות,2021-04-14T15:21:06,בלתי מוצדק
422,105/21,טופס מקוון,2020-12-24T00:00:00,אי מתן מענה,2021-03-09T00:00:00,משרד החינוך,2021-04-07T12:10:01,מוצדק
423,107/21,טופס מקוון,2021-02-17T00:00:00,אגרות,2021-03-09T00:00:00,משרד התיירות,2021-04-25T11:48:19,בלתי מוצדק
424,108/21,טופס מקוון,2021-01-14T00:00:00,אי מתן מענה,2021-03-10T00:00:00,הרשות הארצית לכבאות והצלה,2021-06-02T13:53:21,מוצדק
425,109/21,טופס מקוון,2020-12-16T00:00:00,אי מתן מענה,2021-03-12T00:00:00,רשות מקרקעי ישראל,2021-07-14T11:46:45,מוצדק
426,111/21,טופס מקוון,2021-03-09T00:00:00,אי מתן מענה,2021-03-15T00:00:00,רשות מקרקעי ישראל,2021-06-07T09:57:40,בלתי מוצדק
427,118/21,טופס מקוון,2021-02-17T00:00:00,אי מתן מענה,2021-03-21T00:00:00,משרד החינוך,2021-06-03T10:52:26,מוצדק
428,121/21,טופס מקוון,2021-01-15T00:00:00,אי מתן מענה,2021-03-22T00:00:00,משרד הבינוי והשיכון,2021-05-12T12:25:47,מוצדק חלקית
429,122/21,טופס מקוון,2021-02-16T00:00:00,אי מתן מענה,2021-03-22T00:00:00,משרד החינוך,2021-04-22T10:27:09,מוצדק
430,124/21,טופס מקוון,2020-10-29T00:00:00,אי מתן מענה,2021-03-22T00:00:00,משרד הבריאות,2021-04-12T12:42:44,בלתי מוצדק
431,127/21,טופס מקוון,2021-01-16T00:00:00,אי מתן מענה,2021-03-25T00:00:00,משרד הבריאות,2021-04-21T14:57:10,בלתי מוצדק
432,132/21,טופס מקוון,2021-02-21T00:00:00,אי מתן מענה,2021-04-04T00:00:00,רשות מקרקעי ישראל,2021-06-03T13:09:22,מוצדק חלקית
433,133/21,טופס מקוון,2021-03-03T00:00:00,אי מתן מענה,2021-04-04T00:00:00,רשות האוכלוסין וההגירה,2021-06-24T12:49:08,מוצדק
434,137/21,טופס מקוון,2021-03-04T00:00:00,אי מתן מענה,2021-04-04T00:00:00,"רשות שוק ההון, הביטוח והחיסכון",2021-04-18T12:51:58,בלתי מוצדק
435,144/21,טופס מקוון,2020-09-14T00:00:00,אי מתן מענה,2021-04-05T00:00:00,המשרד להגנת הסביבה,2021-06-03T13:57:34,מוצדק
436,142/21,טופס מקוון,2020-11-04T00:00:00,אי מתן מענה,2021-04-05T00:00:00,המשרד להגנת הסביבה,2021-06-27T11:25:56,הטיפול הופסק
437,146/21,טופס מקוון,2021-02-15T00:00:00,אי מתן מענה,2021-04-05T00:00:00,רשות מקרקעי ישראל,2021-07-14T12:12:00,בלתי מוצדק
438,166/21,טופס מקוון,2021-02-14T00:00:00,חוסר בהנמקה,2021-04-11T00:00:00,רשות מקרקעי ישראל,2021-04-18T13:25:13,הטיפול הופסק
439,168/21,טופס מקוון,2021-03-10T00:00:00,אי מתן מענה,2021-04-12T00:00:00,נציבות שירות המדינה,2021-04-22T14:47:49,בלתי מוצדק
440,170/21,טופס מקוון,2021-03-09T00:00:00,אי מתן מענה,2021-04-14T00:00:00,משרד התחבורה והבטיחות בדרכים,2021-07-14T10:55:47,מוצדק
441,173/21,טופס מקוון,2021-02-23T00:00:00,אי מתן מענה,2021-04-16T00:00:00,משרד הבריאות,2021-06-02T11:53:25,בלתי מוצדק
442,179/21,טופס מקוון,2019-01-10T00:00:00,אי מתן מענה,2021-04-22T00:00:00,משרד החקלאות ופיתוח הכפר,2021-06-03T12:45:31,מוצדק
443,186/21,טופס מקוון,2021-03-22T00:00:00,אי מתן מענה,2021-04-25T00:00:00,משרד החינוך,2021-06-02T12:13:49,בלתי מוצדק
444,185/21,טופס מקוון,2021-03-22T00:00:00,אי מתן מענה,2021-04-25T00:00:00,משרד החינוך,2021-06-03T12:10:59,בלתי מוצדק
